t_s,rx
0,310.048470929289
2.08333333333333e-05,111.135846476396
4.16666666666667e-05,-415.219313762557
6.25e-05,53.6039095646648
8.33333333333333e-05,296.672704877153
0.000104166666666667,-80.8266248511748
0.000125,-302.309239431675
0.000145833333333333,-6.22971172142738
0.000166666666666667,494.469174613339
0.0001875,196.388895243912
0.000208333333333333,-358.968997709753
0.000229166666666667,160.95727602558
0.00025,320.810650458328
0.000270833333333333,20.6355703424937
0.000291666666666667,-232.812003106951
0.0003125,-37.0127022075083
0.000333333333333333,268.899895088965
0.000354166666666667,115.514847096527
0.000375,-169.955313491456
0.000395833333333333,-19.4645417299795
0.000416666666666667,297.083969289149
0.0004375,32.2783710665772
0.000458333333333333,-214.949024729269
0.000479166666666667,-2.7762319644758
0.0005,288.648454121253
0.000520833333333333,165.613820515309
0.000541666666666667,-214.359586778432
0.0005625,-120.931445305954
0.000583333333333333,276.731825227293
0.000604166666666667,54.2839404584386
0.000625,-121.537390945951
0.000645833333333333,-284.330039163519
0.000666666666666667,110.509670036193
0.0006875,164.775998793098
0.000708333333333333,-361.694884295178
0.000729166666666667,-124.214300609889
0.00075,201.657974547965
0.000770833333333333,165.975901219195
0.000791666666666667,-98.0569308637977
0.0008125,-316.685364423848
0.000833333333333333,175.540139911794
0.000854166666666667,197.351624548427
0.000875,19.5047858033473
0.000895833333333333,-258.032725244258
0.000916666666666667,-52.847560728613
0.0009375,275.313362342173
0.000958333333333333,-17.343983311594
0.000979166666666667,-242.232321863101
0.001,74.0720548898136
0.00102083333333333,348.368659543066
0.00104166666666667,-60.041807874572
0.0010625,-275.860758769134
0.00108333333333333,-66.9180936713905
0.00110416666666667,212.548433330888
0.001125,213.821028375562
0.00114583333333333,-82.1721212602283
0.00116666666666667,-261.269160282336
0.0011875,198.51455867457
0.00120833333333333,199.036714973814
0.00122916666666667,-117.111379692403
0.00125,-279.366915128672
0.00127083333333333,187.375618402101
0.00129166666666667,246.582379842638
0.0013125,-118.134621249721
0.00133333333333333,-118.463394757746
0.00135416666666667,190.636959263233
0.001375,164.910828508282
0.00139583333333333,60.7030073190916
0.00141666666666667,-320.919670823698
0.0014375,37.5616046339891
0.00145833333333333,228.046864031017
0.00147916666666667,146.011163017084
0.0015,-277.420084386498
0.00152083333333333,-46.0031446258899
0.00154166666666667,218.927264298972
0.0015625,14.6165896259137
0.00158333333333333,-352.575314441607
0.00160416666666667,-70.4701668089206
0.001625,-38.0037315745923
0.00164583333333333,263.835425129069
0.00166666666666667,113.8908387937
0.0016875,-257.998112679605
0.00170833333333333,-6.59632333991946
0.00172916666666667,382.188222871935
0.00175,-30.4726745398303
0.00177083333333333,-242.607082438864
0.00179166666666667,32.3438117956747
0.0018125,270.281618476287
0.00183333333333333,31.8616453940078
0.00185416666666667,-356.411215381634
0.001875,-347.294039254771
0.00189583333333333,6.40825716097234
0.00191666666666667,321.282173426597
0.0019375,157.983672934185
0.00195833333333333,-328.224776459183
0.00197916666666667,20.8051691167772
0.002,282.434403043747
0.00202083333333333,-127.47380194679
0.00204166666666667,-314.297693057102
0.0020625,-100.303420251293
0.00208333333333333,338.825382902486
0.00210416666666667,-63.6207565298776
0.002125,33.2814779975116
0.00214583333333333,-309.087920319603
0.00216666666666667,-8.6190996971349
0.0021875,239.132752054523
0.00220833333333333,49.3379826825461
0.00222916666666667,-243.594253888197
0.00225,85.203892214153
0.00227083333333333,276.910534741942
0.00229166666666667,-111.262731063265
0.0023125,-340.074416296463
0.00233333333333333,63.371858446693
0.00235416666666667,223.259345207912
0.002375,314.770913030874
0.00239583333333333,113.640495917775
0.00241666666666667,-168.265048496272
0.0024375,-225.879259375748
0.00245833333333333,259.929914112626
0.00247916666666667,29.8894350534828
0.0025,-94.3193372787395
0.00252083333333333,-53.2694229580134
0.00254166666666667,356.270657700325
0.0025625,39.0345684168688
0.00258333333333333,-300.644305415211
0.00260416666666667,-120.342490695128
0.002625,-147.121489790788
0.00264583333333333,158.842787465487
0.00266666666666667,257.106488411016
0.0026875,-301.195890931166
0.00270833333333333,-243.13040172718
0.00272916666666667,140.866972177208
0.00275,125.144396980145
0.00277083333333333,-160.152097611438
0.00279166666666667,-204.27844262576
0.0028125,193.237096753244
0.00283333333333333,140.015814872377
0.00285416666666667,-122.297136728971
0.002875,21.3973377078958
0.00289583333333333,-295.423723968326
0.00291666666666667,1.39865626229995
0.0029375,261.140664244149
0.00295833333333333,-112.910552450588
0.00297916666666667,-311.277028048357
0.003,-44.8340591474106
0.00302083333333333,233.989279301081
0.00304166666666667,-76.6263850459775
0.0030625,-326.425066990823
0.00308333333333333,-116.403210218749
0.00310416666666667,352.740837280054
0.003125,207.599569525376
0.00314583333333333,213.015768813977
0.00316666666666667,-177.946504169154
0.0031875,-263.010479925233
0.00320833333333333,252.721196334979
0.00322916666666667,216.967339761797
0.00325,-234.136123696002
0.00327083333333333,-142.532471594819
0.00329166666666667,176.741129011077
0.0033125,189.115463274654
0.00333333333333333,-208.425022441176
0.00335416666666667,-276.919075781798
0.003375,-324.497096130752
0.00339583333333333,48.2879390746343
0.00341666666666667,357.210263109925
0.0034375,124.852172210347
0.00345833333333333,-350.914202961893
0.00347916666666667,-163.464469491481
0.0035,263.312404557549
0.00352083333333333,158.93960326843
0.00354166666666667,-355.490035546343
0.0035625,-252.945009104427
0.00358333333333333,185.553794934042
0.00360416666666667,130.959794869966
0.003625,299.728306161172
0.00364583333333333,54.7647996375025
0.00366666666666667,-283.775967598166
0.0036875,-15.9412872656435
0.00370833333333333,265.482540458803
0.00372916666666667,80.7600522268004
0.00375,-377.782242139361
0.00377083333333333,-0.283051675150435
0.00379166666666667,242.71788302982
0.0038125,7.62423759727018
0.00383333333333333,-260.800126285966
0.00385416666666667,35.4053759063465
0.003875,-345.441728919165
0.00389583333333333,77.0311997697999
0.00391666666666667,317.486953965851
0.0039375,-4.1468519390815
0.00395833333333333,-307.840693683543
0.00397916666666667,-14.2183354285531
0.004,277.390845085339
0.00402083333333333,2.32991073300821
0.00404166666666667,-292.777869300619
0.0040625,49.5539492212011
0.00408333333333333,389.216186005728
0.00410416666666667,29.4520388905952
0.004125,263.000754594254
0.00414583333333333,65.3669996166941
0.00416666666666667,-264.619157854007
0.0041875,-90.0882551384899
0.00420833333333333,351.862722561373
0.00422916666666667,50.4485091947289
0.00425,-285.601819539726
0.00427083333333333,-0.202244301880757
0.00429166666666667,309.834492916838
0.0043125,-25.8426597335169
0.00433333333333333,-303.781009122793
0.00435416666666667,-40.6103315569049
0.004375,-288.5608415629
0.00439583333333333,-3.27742782260675
0.00441666666666667,202.542352918394
0.0044375,76.4975655089867
0.00445833333333333,-314.212800873488
0.00447916666666667,-188.677454162544
0.0045,258.959935979594
0.00452083333333333,100.181699917276
0.00454166666666667,-177.213084039359
0.0045625,-132.144857772426
0.00458333333333333,205.678905324116
0.00460416666666667,214.90600796381
0.004625,251.265600664459
0.00464583333333333,200.208470963313
0.00466666666666667,-267.854129245151
0.0046875,-241.408055587403
0.00470833333333333,172.258945123753
0.00472916666666667,247.781420983611
0.00475,-197.745679807123
0.00477083333333333,-203.817745190193
0.00479166666666667,205.733830836534
0.0048125,154.491171459738
0.00483333333333333,-239.711691566618
0.00485416666666667,-276.197059962723
0.004875,-31.0296473415625
0.00489583333333333,-296.738037470704
0.00491666666666667,0.76190741325026
0.0049375,92.0549785688558
0.00495833333333333,-20.6561625000047
0.00497916666666667,-216.600626075937
0.005,-72.4488736286806
0.00502083333333333,349.573563805208
0.00504166666666667,28.6752169509224
0.0050625,-294.291470922747
0.00508333333333333,3.8793167271313
0.00510416666666667,196.888033840763
0.005125,-219.405243570969
0.00514583333333333,273.829277519895
0.00516666666666667,220.248984632091
0.0051875,-173.293763885412
0.00520833333333333,-275.057362312252
0.00522916666666667,176.306040682693
0.00525,244.394060532075
0.00527083333333333,-152.134925771544
0.00529166666666667,-252.976824000062
0.0053125,163.740576635178
0.00533333333333333,353.852208732313
0.00535416666666667,-316.183180441989
0.005375,392.280746081405
0.00539583333333333,126.687034058924
0.00541666666666667,-194.945211441406
0.0054375,-207.747553076677
0.00545833333333333,227.765662473315
0.00547916666666667,102.02693494126
0.0055,-237.989502944091
0.00552083333333333,-221.073571968253
0.00554166666666667,292.637802578463
0.0055625,44.908019044701
0.00558333333333333,-259.774620370857
0.00560416666666667,-79.1562401020758
0.005625,47.1500615536773
0.00564583333333333,-209.661903093813
0.00566666666666667,34.3098512940202
0.0056875,236.042043580817
0.00570833333333333,53.1980756833603
0.00572916666666667,-342.87876508427
0.00575,-118.257406044609
0.00577083333333333,341.68406883766
0.00579166666666667,37.4939805638656
0.0058125,-288.529332454197
0.00583333333333333,18.1825208100395
0.00585416666666667,321.504970818335
0.005875,-255.750947070468
0.00589583333333333,76.3952618049797
0.00591666666666667,333.963403302284
0.0059375,14.6504769437706
0.00595833333333333,-327.815446999187
0.00597916666666667,-49.1709947778163
0.006,358.473779034781
0.00602083333333333,-89.1306614454649
0.00604166666666667,-287.126391866191
0.0060625,-128.440726342049
0.00608333333333333,347.98810926292
0.00610416666666667,62.0127589912706
0.006125,-27.094404800282
0.00614583333333333,271.486631436506
0.00616666666666667,-124.756302540395
0.0061875,-240.303151335025
0.00620833333333333,-170.741500588077
0.00622916666666667,139.857758324264
0.00625,41.6593774737607
0.00627083333333333,-339.530810931855
0.00629166666666667,-11.631420188634
0.0063125,322.940900131577
0.00633333333333333,89.1859419586319
0.00635416666666667,-323.807434478126
0.006375,283.511594579177
0.00639583333333333,112.209658847615
0.00641666666666667,-205.576734154709
0.0064375,-73.2992618555679
0.00645833333333333,312.336107701802
0.00647916666666667,107.56301895571
0.0065,-266.466184684979
0.00652083333333333,-54.0460268012443
0.00654166666666667,127.707905638328
0.0065625,84.7927293164227
0.00658333333333333,-335.109909975846
0.00660416666666667,-139.002375492737
0.006625,253.87640055321
0.00664583333333333,-125.366681428001
0.00666666666666667,-276.256593121472
0.0066875,147.037631893414
0.00670833333333333,229.881534850113
0.00672916666666667,-190.217764536399
0.00675,-203.066477267508
0.00677083333333333,196.821117448315
0.00679166666666667,164.684472010785
0.0068125,-183.188789605356
0.00683333333333333,-351.78813291009
0.00685416666666667,242.369865856772
0.006875,-38.4399169520294
0.00689583333333333,-350.709577474153
0.00691666666666667,-15.5170178080097
0.0069375,189.853678567426
0.00695833333333333,4.69121844507402
0.00697916666666667,-313.543010412415
0.007,127.105133956736
0.00702083333333333,348.848884245577
0.00704166666666667,-146.603873821772
0.0070625,-252.317367155619
0.00708333333333333,-91.3974177854743
0.00710416666666667,263.699302983429
0.007125,-165.776119450551
0.00714583333333333,-168.550062511878
0.00716666666666667,159.137612905789
0.0071875,310.557680861172
0.00720833333333333,-202.486735893336
0.00722916666666667,-197.897825074054
0.00725,213.717452757492
0.00727083333333333,223.115460014164
0.00729166666666667,-119.269910391831
0.0073125,-198.160509823312
0.00733333333333333,125.185174072588
0.00735416666666667,107.594697939488
0.007375,-142.485525519466
0.00739583333333333,-142.999729183699
0.00741666666666667,262.368541465808
0.0074375,140.472279219182
0.00745833333333333,-248.44109456522
0.00747916666666667,-164.01983357031
0.0075,226.803118886252
0.00752083333333333,101.106241227686
0.00754166666666667,-165.012143255326
0.0075625,-161.336728120249
0.00758333333333333,303.32864335599
0.00760416666666667,127.5955939598
0.007625,-290.104830772865
0.00764583333333333,-91.7505998834911
0.00766666666666667,258.452934844707
0.0076875,21.8682958355116
0.00770833333333333,-365.555593374984
0.00772916666666667,-16.3440550381456
0.00775,225.524431981653
0.00777083333333333,22.3286750504622
0.00779166666666667,-255.22582565153
0.0078125,-83.365062267131
0.00783333333333333,258.156185518668
0.00785416666666667,49.4773549568338
0.007875,-389.327820590235
0.00789583333333333,63.30219794412
0.00791666666666667,425.293715329584
0.0079375,58.6231402399334
0.00795833333333333,-296.489805857538
0.00797916666666667,27.1122621761086
0.008,213.892156463561
0.00802083333333333,113.823224503191
0.00804166666666667,-219.714161705811
0.0080625,49.0316528756359
0.00808333333333333,223.67553803773
0.00810416666666667,18.628416524415
0.008125,-309.929037580347
0.00814583333333333,-46.19497362596
0.00816666666666667,240.985218196478
0.0081875,-35.5109409607186
0.00820833333333333,-332.013527949737
0.00822916666666667,-37.3140225293113
0.00825,172.678332754698
0.00827083333333333,61.6152530255433
0.00829166666666667,-283.68354073869
0.0083125,18.2329723046225
0.00833333333333333,292.962193834854
0.00835416666666667,54.6913517598564
0.008375,-346.677377459078
0.00839583333333333,-168.402727984751
0.00841666666666667,228.739705144344
0.0084375,112.761136530165
0.00845833333333333,-189.80489249016
0.00847916666666667,-120.107893645018
0.0085,335.860829105182
0.00852083333333333,131.440336455291
0.00854166666666667,-187.031977911101
0.0085625,-94.6330481154007
0.00858333333333333,218.641090444331
0.00860416666666667,11.8707095791832
0.008625,-166.320865704517
0.00864583333333333,-164.222844841357
0.00866666666666667,157.943569950538
0.0086875,181.195374642058
0.00870833333333333,-200.646782487249
0.00872916666666667,-279.11114615901
0.00875,151.662718477296
0.00877083333333333,201.0611026108
0.00879166666666667,-178.986483387654
0.0088125,-216.002386555757
0.00883333333333333,219.142537096715
0.00885416666666667,218.784727899842
0.008875,110.843470580204
0.00889583333333333,-258.08373286737
0.00891666666666667,110.261658613365
0.0089375,232.964051332199
0.00895833333333333,24.9048651152612
0.00897916666666667,-296.490053226921
0.009,43.9402925087236
0.00902083333333333,316.879208090759
0.00904166666666667,-140.843736067627
0.0090625,-361.67525302839
0.00908333333333333,-80.7823645113837
0.00910416666666667,305.141980612668
0.009125,304.074623345492
0.00914583333333333,-195.791487516657
0.00916666666666667,-164.603422343274
0.0091875,209.156497753
0.00920833333333333,148.561942616788
0.00922916666666667,-161.099434498039
0.00925,-258.764530625141
0.00927083333333333,278.036093649612
0.00929166666666667,210.830866533768
0.0093125,-85.4202231636191
0.00933333333333333,-238.793551854196
0.00935416666666667,221.402923799054
0.009375,252.216065798149
0.00939583333333333,-17.4890683303575
0.00941666666666667,-316.064951013676
0.0094375,-68.633719154735
0.00945833333333333,262.308799282558
0.00947916666666667,31.9418122101894
0.0095,-303.936746976141
0.00952083333333333,-85.0542184197535
0.00954166666666667,204.985194961947
0.0095625,159.874021567115
0.00958333333333333,-304.812425413172
0.00960416666666667,10.227879811061
0.009625,-93.1494829652649
0.00964583333333333,287.986321024346
0.00966666666666667,-65.7752857851146
0.0096875,-320.031768075885
0.00970833333333333,-54.9332807292219
0.00972916666666667,309.696798075135
0.00975,76.2514029143607
0.00977083333333333,-266.812697902564
0.00979166666666667,-41.4794387233223
0.0098125,335.003122601015
0.00983333333333333,67.4984895701173
0.00985416666666667,-277.828556048511
0.009875,-242.244140212258
0.00989583333333333,25.2234579465291
0.00991666666666667,216.842366133845
0.0099375,46.4126087648007
0.00995833333333333,-327.632717788429
0.00997916666666667,-27.5432842116453
0.01,298.287282522979
0.0100208333333333,-28.1481776348613
0.0100416666666667,-295.529877957294
0.0100625,45.737200368863
0.0100833333333333,351.440732246608
0.0101041666666667,-21.4545577193502
0.010125,47.187835802537
0.0101458333333333,-290.376221578001
0.0101666666666667,-13.1361404930167
0.0101875,302.700664019707
0.0102083333333333,-18.2937550099921
0.0102291666666667,-271.97863800519
0.01025,17.330519008392
0.0102708333333333,294.412623876463
0.0102916666666667,125.099281579444
0.0103125,-325.957496074703
0.0103333333333333,-64.4364243484971
0.0103541666666667,181.847745191263
0.010375,311.686918923911
0.0103958333333333,159.042716212168
0.0104166666666667,-260.934622706716
0.0104375,-51.160153076638
0.0104583333333333,283.235053250695
0.0104791666666667,121.461959006462
0.0105,-265.108686473557
0.0105208333333333,-76.8107322197737
0.0105416666666667,278.222027102499
0.0105625,274.010672148522
0.0105833333333333,-343.297869122288
0.0106041666666667,-216.998498141839
0.010625,-283.939648467249
0.0106458333333333,109.014273709019
0.0106666666666667,187.744317732521
0.0106875,-186.116025626514
0.0107083333333333,-234.86203577463
0.0107291666666667,224.269005135483
0.01075,245.294471054631
0.0107708333333333,-145.288302164748
0.0107916666666667,-112.850355193608
0.0108125,265.92527127116
0.0108333333333333,143.096787312463
0.0108541666666667,-333.499614928753
0.010875,55.111555972128
0.0108958333333333,-389.314349693345
0.0109166666666667,4.07910955095892
0.0109375,279.317550569644
0.0109583333333333,130.123018433442
0.0109791666666667,-298.051894308127
0.011,-25.0337314967085
0.0110208333333333,308.231528871024
0.0110416666666667,9.05394129511235
0.0110625,-289.542593995217
0.0110833333333333,-31.2209592161251
0.0111041666666667,219.117372843323
0.011125,195.161269663364
0.0111458333333333,132.184963257421
0.0111666666666667,-238.892372688154
0.0111875,-132.897028819104
0.0112083333333333,164.878892649174
0.0112291666666667,216.533242632243
0.01125,-135.4928442238
0.0112708333333333,-243.44541258356
0.0112916666666667,253.373812565702
0.0113125,204.022564625828
0.0113333333333333,-128.589350759892
0.0113541666666667,-186.652635567388
0.011375,-269.06891477566
0.0113958333333333,-158.958072325858
0.0114166666666667,192.314841189595
0.0114375,89.5583003445568
0.0114583333333333,-300.871490587546
0.0114791666666667,-135.552578892085
0.0115,334.197810313106
0.0115208333333333,92.3905076976566
0.0115416666666667,-204.216057949573
0.0115625,-143.065050444422
0.0115833333333333,333.526919289106
0.0116041666666667,78.6694163799094
0.011625,286.604660411531
0.0116458333333333,86.4813073407574
0.0116666666666667,-301.110395791291
0.0116875,-53.9454631248945
0.0117083333333333,416.992397269825
0.0117291666666667,86.1965841194089
0.01175,-320.97449242452
0.0117708333333333,11.5656832813532
0.0117916666666667,272.575283794429
0.0118125,71.2194930423993
0.0118333333333333,-208.063419988887
0.0118541666666667,-126.129356085115
0.011875,-214.282650116265
0.0118958333333333,89.0875591923017
0.0119166666666667,280.050298948371
0.0119375,106.703145358298
0.0119583333333333,-286.417123967645
0.0119791666666667,-76.5146054429059
0.012,161.880793712042
0.0120208333333333,-19.4507490944779
0.0120416666666667,-252.311612519554
0.0120625,18.4731269300987
0.0120833333333333,321.185131305864
0.0121041666666667,-34.3404637639734
0.012125,284.614139246167
0.0121458333333333,-72.9635011189707
0.0121666666666667,-322.259548470209
0.0121875,-77.1968875701195
0.0122083333333333,325.619016431877
0.0122291666666667,30.8205843666323
0.01225,-364.468923584474
0.0122708333333333,-32.2678294001844
0.0122916666666667,251.711405703066
0.0123125,-9.05211788236213
0.0123333333333333,-241.058615008851
0.0123541666666667,-24.7554464721231
0.012375,-231.711321457149
0.0123958333333333,-52.0465327231331
0.0124166666666667,267.067309637732
0.0124375,139.719941186647
0.0124583333333333,-228.97472536223
0.0124791666666667,-45.399679683812
0.0125,299.78347709194
0.0125208333333333,203.221432942587
0.0125416666666667,-269.32505852492
0.0125625,-119.853476707458
0.0125833333333333,374.664757001048
0.0126041666666667,85.7830795714673
0.012625,175.647404929765
0.0126458333333333,270.447041610692
0.0126666666666667,-166.667952105921
0.0126875,-128.392596257794
0.0127083333333333,244.976443771757
0.0127291666666667,248.728656213819
0.01275,-229.30799100765
0.0127708333333333,-196.285208212203
0.0127916666666667,97.30397040854
0.0128125,245.850929227944
0.0128333333333333,-132.388768120572
0.0128541666666667,-217.894881370504
0.012875,53.7517306474779
0.0128958333333333,-152.566265678818
0.0129166666666667,56.4559023896185
0.0129375,293.459319202583
0.0129583333333333,46.47726637507
0.0129791666666667,-266.520278010878
0.013,-87.6039985971065
0.0130208333333333,267.074743364733
0.0130416666666667,82.1024649129408
0.0130625,-295.182270992107
0.0130833333333333,28.3191228770534
0.0131041666666667,231.01799609729
0.013125,-210.297322814425
0.0131458333333333,212.502050621721
0.0131666666666667,131.045636620952
0.0131875,-154.582578840266
0.0132083333333333,-241.308080298631
0.0132291666666667,120.779615372459
0.01325,227.903319968526
0.0132708333333333,-294.060535052064
0.0132916666666667,-360.224485795893
0.0133125,106.274241456556
0.0133333333333333,169.67133516763
0.0133541666666667,-249.865764229993
0.013375,150.622439890641
0.0133958333333333,123.672434409402
0.0134166666666667,-353.463744614217
0.0134375,-99.3257610987647
0.0134583333333333,311.911958372107
0.0134791666666667,118.881682362368
0.0135,-258.12978133675
0.0135208333333333,-142.124629545425
0.0135416666666667,173.221757115721
0.0135625,116.340260042598
0.0135833333333333,-205.108897218826
0.0136041666666667,-12.8041534767791
0.013625,0.878121139637461
0.0136458333333333,-375.25087577531
0.0136666666666667,-17.0009273619998
0.0136875,298.806388785124
0.0137083333333333,23.6233695949978
0.0137291666666667,-355.376625545886
0.01375,86.2037400656911
0.0137708333333333,140.997414837634
0.0137916666666667,6.32963910739232
0.0138125,-365.930086772716
0.0138333333333333,-76.3608697466721
0.0138541666666667,304.595541436652
0.013875,-268.714341023545
0.0138958333333333,-43.4287052753713
0.0139166666666667,324.627582629906
0.0139375,38.0307139129285
0.0139583333333333,-246.074156082122
0.0139791666666667,-35.3662754559286
0.014,349.704075374933
0.0140208333333333,49.7303062042767
0.0140416666666667,-132.335817323807
0.0140625,55.6230543051938
0.0140833333333333,356.3241295541
0.0141041666666667,12.5957220465806
0.014125,-105.890859018576
0.0141458333333333,253.131986845331
0.0141666666666667,-19.138650504141
0.0141875,-310.275779899776
0.0142083333333333,-2.85396680409797
0.0142291666666667,247.553569545279
0.01425,-17.9198153869614
0.0142708333333333,-306.586428502027
0.0142916666666667,-46.6059272556668
0.0143125,306.586838437372
0.0143333333333333,-21.4346882181776
0.0143541666666667,-262.185552442052
0.014375,260.820189830698
0.0143958333333333,186.985719737726
0.0144166666666667,-269.078410557173
0.0144375,-114.277739290803
0.0144583333333333,185.897155135524
0.0144791666666667,30.9799489121978
0.0145,-238.498319282218
0.0145208333333333,-130.869703004747
0.0145416666666667,288.25233823824
0.0145625,61.0798223436877
0.0145833333333333,-140.853996221529
0.0146041666666667,-108.15616502082
0.014625,278.217395228956
0.0146458333333333,-189.687569871353
0.0146666666666667,-224.169056267229
0.0146875,217.986736117812
0.0147083333333333,255.4676988104
0.0147291666666667,-240.835747300422
0.01475,-315.162341234466
0.0147708333333333,105.299731840512
0.0147916666666667,134.999464746924
0.0148125,-168.743768667757
0.0148333333333333,-246.637823919313
0.0148541666666667,149.896864097831
0.014875,-83.16019390589
0.0148958333333333,-229.51498208385
0.0149166666666667,26.8497451929539
0.0149375,271.673328750925
0.0149583333333333,68.3638178622688
0.0149791666666667,-332.687755329683
0.015,19.3741162747413
0.0150208333333333,300.575302696069
0.0150416666666667,27.3065177724748
0.0150625,-323.84404947152
0.0150833333333333,14.0055224006694
0.0151041666666667,247.822885944277
0.015125,-230.598235797939
0.0151458333333333,-287.763962598269
0.0151666666666667,239.236466961082
0.0151875,162.549034468339
0.0152083333333333,-183.665301698963
0.0152291666666667,-291.763491198769
0.01525,154.943971726327
0.0152708333333333,20.4198955621005
0.0152916666666667,-239.517065667084
0.0153125,-305.070955588226
0.0153333333333333,111.112659209655
0.0153541666666667,204.878639275495
0.015375,-275.932883918233
0.0153958333333333,12.7497780854764
0.0154166666666667,221.115266454165
0.0154375,90.7826113252743
0.0154583333333333,-351.273657818389
0.0154791666666667,-137.907463851852
0.0155,173.626687416896
0.0155208333333333,110.588897034208
0.0155416666666667,-203.255364399783
0.0155625,-84.0360327731786
0.0155833333333333,212.57166983767
0.0156041666666667,9.10493112562241
0.015625,-186.602522011044
0.0156458333333333,98.1002521443487
0.0156666666666667,283.178123494813
0.0156875,-33.3214642935446
0.0157083333333333,-221.388817732603
0.0157291666666667,-73.7045578377112
0.01575,265.870162602985
0.0157708333333333,91.6520745639897
0.0157916666666667,-379.21973223899
0.0158125,-157.056288525706
0.0158333333333333,320.282787182567
0.0158541666666667,61.9776006215562
0.015875,282.963174222093
0.0158958333333333,307.498982210391
0.0159166666666667,-211.02046246783
0.0159375,-217.851442215701
0.0159583333333333,242.407780158094
0.0159791666666667,326.642090347872
0.016,-266.563519558583
0.0160208333333333,-308.040251618032
0.0160416666666667,204.233942737443
0.0160625,316.682080665011
0.0160833333333333,-298.757344663965
0.0161041666666667,-274.312282595775
0.016125,228.697407029881
0.0161458333333333,182.40708881652
0.0161666666666667,-266.665014196093
0.0161875,-280.946559245945
0.0162083333333333,369.222507180479
0.0162291666666667,344.94446164274
0.01625,-231.596145545132
0.0162708333333333,-341.716504987915
0.0162916666666667,238.743965919239
0.0163125,218.411005783829
0.0163333333333333,-265.52862091695
0.0163541666666667,-125.533379234694
0.016375,-232.692104793867
0.0163958333333333,-324.386868312374
0.0164166666666667,328.271223809975
0.0164375,208.204199878411
0.0164583333333333,-364.190333379549
0.0164791666666667,-233.311070567731
0.0165,229.616531225242
0.0165208333333333,296.45759329792
0.0165416666666667,-191.204791928392
0.0165625,-252.639323492288
0.0165833333333333,333.955510254916
0.0166041666666667,179.028791319029
0.016625,-236.727151162655
0.0166458333333333,-146.478725539147
0.0166666666666667,310.21535868786
0.0166875,182.995965275254
0.0167083333333333,-289.562437433114
0.0167291666666667,-307.699453821295
0.01675,300.55388042407
0.0167708333333333,302.326594930689
0.0167916666666667,-252.372426739086
0.0168125,-299.378047633016
0.0168333333333333,240.531738644061
0.0168541666666667,241.123410956052
0.016875,-224.994916405218
0.0168958333333333,-390.375687518559
0.0169166666666667,264.482577130977
0.0169375,293.670784995877
0.0169583333333333,-317.036487922373
0.0169791666666667,-247.989152643571
0.017,272.791703795599
0.0170208333333333,219.815719662175
0.0170416666666667,-267.289668697411
0.0170625,-293.536642271904
0.0170833333333333,252.104785589997
0.0171041666666667,233.685002473668
0.017125,-273.395054157107
0.0171458333333333,-389.955363656106
0.0171666666666667,252.809896102178
0.0171875,243.936688977982
0.0172083333333333,-351.677774469184
0.0172291666666667,-256.074745248051
0.01725,251.090334790363
0.0172708333333333,328.991999086119
0.0172916666666667,-236.329481608261
0.0173125,-305.542591982442
0.0173333333333333,312.931823283005
0.0173541666666667,335.034212996461
0.017375,272.201539748081
0.0173958333333333,310.198905254224
0.0174166666666667,-354.29728673751
0.0174375,-209.298355507203
0.0174583333333333,216.683447297999
0.0174791666666667,165.400554227911
0.0175,-192.551316394584
0.0175208333333333,-280.98246814508
0.0175416666666667,304.580458671054
0.0175625,254.953094829313
0.0175833333333333,-339.511269399114
0.0176041666666667,-464.921286938598
0.017625,315.417721768084
0.0176458333333333,259.632063347465
0.0176666666666667,-289.208041492593
0.0176875,-252.365532864132
0.0177083333333333,209.229426347058
0.0177291666666667,232.577644849587
0.01775,-225.850954829089
0.0177708333333333,-240.617736750832
0.0177916666666667,217.665874768096
0.0178125,142.521513626601
0.0178333333333333,-330.862587705205
0.0178541666666667,-264.073589040388
0.017875,-219.566681738999
0.0178958333333333,282.87661029083
0.0179166666666667,208.5719592839
0.0179375,-258.44216910902
0.0179583333333333,-348.783880659402
0.0179791666666667,218.430782300058
0.018,237.203836827198
0.0180208333333333,-352.27039636768
0.0180416666666667,-293.706648558127
0.0180625,222.159129927869
0.0180833333333333,259.693069241495
0.0181041666666667,-305.405387635903
0.018125,-302.18910110871
0.0181458333333333,246.381404458521
0.0181666666666667,352.50891333162
0.0181875,-239.857568151764
0.0182083333333333,-273.540073854286
0.0182291666666667,206.320985061373
0.01825,177.806647868119
0.0182708333333333,-416.011284695109
0.0182916666666667,-117.961919410647
0.0183125,355.373114409835
0.0183333333333333,292.852161427911
0.0183541666666667,-355.487112840839
0.018375,-347.196982201576
0.0183958333333333,-243.686689411331
0.0184166666666667,372.782394700457
0.0184375,173.679664397995
0.0184583333333333,-323.417137555784
0.0184791666666667,-282.300191396042
0.0185,174.238340017894
0.0185208333333333,328.553029744115
0.0185416666666667,-321.294482250949
0.0185625,-160.307853153723
0.0185833333333333,272.071745129157
0.0186041666666667,302.152247362146
0.018625,207.342765367293
0.0186458333333333,-315.331246140248
0.0186666666666667,-348.56317219147
0.0186875,301.137506564058
0.0187083333333333,375.504701500967
0.0187291666666667,-313.423458438018
0.01875,-269.292942583944
0.0187708333333333,246.331085593635
0.0187916666666667,302.196375783923
0.0188125,-204.054006947836
0.0188333333333333,-288.607440734684
0.0188541666666667,213.794409679997
0.018875,-329.521989724225
0.0188958333333333,-287.529601947554
0.0189166666666667,265.437929698018
0.0189375,224.244903952392
0.0189583333333333,-266.110326277815
0.0189791666666667,-199.759749039755
0.019,261.802184389818
0.0190208333333333,264.64958082727
0.0190416666666667,-411.671251990126
0.0190625,-324.475408064327
0.0190833333333333,192.015186082622
0.0191041666666667,253.549160057512
0.019125,-245.034223781176
0.0191458333333333,-184.071877535107
0.0191666666666667,387.044691203285
0.0191875,270.007526694616
0.0192083333333333,-296.714859545918
0.0192291666666667,-227.196157987371
0.01925,307.10026668349
0.0192708333333333,323.90946685377
0.0192916666666667,-229.593707372568
0.0193125,-367.602076244543
0.0193333333333333,310.167975413766
0.0193541666666667,271.556220742105
0.019375,-323.604021570645
0.0193958333333333,-319.531021045147
0.0194166666666667,355.45171764135
0.0194375,227.671465434767
0.0194583333333333,-352.724074940179
0.0194791666666667,-264.031429198573
0.0195,400.01566914385
0.0195208333333333,278.711090874781
0.0195416666666667,-258.311307855259
0.0195625,-334.480205181015
0.0195833333333333,379.45078660307
0.0196041666666667,284.786883052097
0.019625,-244.758345260831
0.0196458333333333,-335.324723358931
0.0196666666666667,329.334985998277
0.0196875,300.927947782521
0.0197083333333333,-347.785822373316
0.0197291666666667,-274.721336717052
0.01975,249.616269684805
0.0197708333333333,283.825093028575
0.0197916666666667,-292.459377598745
0.0198125,-288.753351749246
0.0198333333333333,214.03454095661
0.0198541666666667,257.39520811162
0.019875,-230.311812425102
0.0198958333333333,-170.543229172953
0.0199166666666667,206.237287874901
0.0199375,422.418818715908
0.0199583333333333,-183.900255717994
0.0199791666666667,-266.853144335412
0.02,258.74471233363
0.0200208333333333,234.459093916105
0.0200416666666667,-226.264060784827
0.0200625,-319.592724469299
0.0200833333333333,248.926749158863
0.0201041666666667,331.142093044786
0.020125,-250.511712412718
0.0201458333333333,-222.354827742078
0.0201666666666667,307.990724404847
0.0201875,252.65322464929
0.0202083333333333,-308.547746849893
0.0202291666666667,-228.488425848326
0.02025,236.13725873124
0.0202708333333333,349.659144045291
0.0202916666666667,-228.834617826204
0.0203125,-259.568700928227
0.0203333333333333,277.346742873626
0.0203541666666667,299.490261123467
0.020375,-61.6557449404065
0.0203958333333333,-284.019936399622
0.0204166666666667,182.035609916944
0.0204375,394.16988855149
0.0204583333333333,-239.885624896561
0.0204791666666667,-316.739560165857
0.0205,437.079060226814
0.0205208333333333,310.814849779322
0.0205416666666667,-259.172613667022
0.0205625,-324.678926521721
0.0205833333333333,212.078202028415
0.0206041666666667,169.092569807945
0.020625,-302.991659731099
0.0206458333333333,-341.498310257175
0.0206666666666667,316.730004848348
0.0206875,257.741284442727
0.0207083333333333,-169.057280035818
0.0207291666666667,-184.847095757048
0.02075,287.171289296172
0.0207708333333333,259.871640773795
0.0207916666666667,-206.747757318376
0.0208125,-347.205735108999
0.0208333333333333,318.315251661093
0.0208541666666667,236.264181895206
0.020875,-301.610904322202
0.0208958333333333,-318.199382155844
0.0209166666666667,312.322808937616
0.0209375,229.605043977787
0.0209583333333333,-342.137382418298
0.0209791666666667,-243.360467952371
0.021,251.276449119111
0.0210208333333333,299.24401090873
0.0210416666666667,-298.651429719914
0.0210625,-260.679618420933
0.0210833333333333,120.45168420685
0.0211041666666667,305.615743026097
0.021125,-163.889759086348
0.0211458333333333,-213.644952967589
0.0211666666666667,332.808974166471
0.0211875,262.501091176522
0.0212083333333333,-266.08992085263
0.0212291666666667,-262.225007727033
0.02125,283.039598535617
0.0212708333333333,226.404726804356
0.0212916666666667,-298.67360700682
0.0213125,-287.829056139693
0.0213333333333333,247.779802367266
0.0213541666666667,328.283625276519
0.021375,-122.046497643961
0.0213958333333333,-358.010536235846
0.0214166666666667,284.991708889451
0.0214375,189.014581777185
0.0214583333333333,-216.368824699066
0.0214791666666667,-190.998482949329
0.0215,194.369286379302
0.0215208333333333,395.916372217248
0.0215416666666667,-362.236530153377
0.0215625,-263.290084141616
0.0215833333333333,363.106084900579
0.0216041666666667,286.143425623696
0.021625,417.423814561692
0.0216458333333333,-108.957514538874
0.0216666666666667,-268.697858216411
0.0216875,160.620377139451
0.0217083333333333,273.654687547212
0.0217291666666667,-328.972468204508
0.02175,-342.686628352927
0.0217708333333333,208.243031152929
0.0217916666666667,300.734842022878
0.0218125,-148.426266499527
0.0218333333333333,-339.698281368441
0.0218541666666667,260.009005629327
0.021875,-205.873409192755
0.0218958333333333,-203.041461205044
0.0219166666666667,306.818076412511
0.0219375,339.84325272999
0.0219583333333333,-223.944833964312
0.0219791666666667,-319.284099515762
0.022,303.356663511174
0.0220208333333333,277.67914341723
0.0220416666666667,-332.135116408561
0.0220625,-257.171752006017
0.0220833333333333,281.271293998528
0.0221041666666667,284.523392944878
0.022125,-259.32392101432
0.0221458333333333,337.501640547576
0.0221666666666667,301.159460507852
0.0221875,-265.261761329292
0.0222083333333333,-260.053654591376
0.0222291666666667,280.279376878305
0.02225,229.826684515471
0.0222708333333333,-229.074161131769
0.0222916666666667,-191.059864841253
0.0223125,244.514092862349
0.0223333333333333,394.943228081647
0.0223541666666667,-287.919032145925
0.022375,-292.043719349012
0.0223958333333333,222.302688025264
0.0224166666666667,228.734719355286
0.0224375,-335.380112087456
0.0224583333333333,-255.524600987669
0.0224791666666667,393.541775851495
0.0225,309.380119172005
0.0225208333333333,-243.762076927001
0.0225416666666667,-195.157520504564
0.0225625,143.225880353083
0.0225833333333333,266.911081739171
0.0226041666666667,-274.3865707804
0.022625,-233.322594158635
0.0226458333333333,-356.881175985791
0.0226666666666667,215.687069976484
0.0226875,325.463480892182
0.0227083333333333,-284.272580744619
0.0227291666666667,-262.161228332678
0.02275,218.450443027889
0.0227708333333333,196.125448395931
0.0227916666666667,-230.637286914845
0.0228125,-223.041438346004
0.0228333333333333,376.874722216713
0.0228541666666667,202.33438923526
0.022875,-358.836548506381
0.0228958333333333,187.09180339619
0.0229166666666667,274.603837082118
0.0229375,-314.759530867315
0.0229583333333333,-215.657171734952
0.0229791666666667,188.239330013827
0.023,189.492810961687
0.0230208333333333,-264.604691887523
0.0230416666666667,-223.064459445261
0.0230625,228.093969310428
0.0230833333333333,218.621835762447
0.0231041666666667,-286.274346944586
0.023125,177.15629358965
0.0231458333333333,278.209422282262
0.0231666666666667,-226.531898233076
0.0231875,-263.844946103556
0.0232083333333333,160.487250444717
0.0232291666666667,263.155271112445
0.02325,-295.604974603348
0.0232708333333333,-185.140200295249
0.0232916666666667,333.050650798438
0.0233125,292.469337368708
0.0233333333333333,-197.142447665016
0.0233541666666667,-359.794658061863
0.023375,255.869144282092
0.0233958333333333,-190.836578270399
0.0234166666666667,-185.348115379485
0.0234375,321.778457231882
0.0234583333333333,325.944085149184
0.0234791666666667,-312.964224391678
0.0235,-250.440898294508
0.0235208333333333,226.546092442695
0.0235416666666667,331.062667133691
0.0235625,-259.927998873829
0.0235833333333333,-226.341104425912
0.0236041666666667,251.127416164487
0.023625,-238.278968086365
0.0236458333333333,-228.68331773562
0.0236666666666667,222.255243550447
0.0236875,286.69678841092
0.0237083333333333,-179.551125625273
0.0237291666666667,-289.086685309668
0.02375,258.291418630407
0.0237708333333333,323.860889515889
0.0237916666666667,-293.959356112589
0.0238125,-268.87937792195
0.0238333333333333,268.914935916681
0.0238541666666667,294.83726651765
0.023875,-248.993570467657
0.0238958333333333,360.392441483815
0.0239166666666667,304.760925907846
0.0239375,-176.42689728967
0.0239583333333333,-419.898077820221
0.0239791666666667,268.505837222878
0.024,310.377305110231
0.0240208333333333,-346.989542519306
0.0240416666666667,-373.923066579915
0.0240625,333.660460918631
0.0240833333333333,333.395662303916
0.0241041666666667,-278.274867903546
0.024125,301.304982721232
0.0241458333333333,-330.344424355446
0.0241666666666667,-307.560329733996
0.0241875,270.631547505135
0.0242083333333333,253.928130968884
0.0242291666666667,-275.677967943485
0.02425,-151.432669529414
0.0242708333333333,266.491001961893
0.0242916666666667,335.518822363281
0.0243125,-359.164607438497
0.0243333333333333,-214.105144833231
0.0243541666666667,236.738910238813
0.024375,-264.396271398806
0.0243958333333333,239.351130372129
0.0244166666666667,308.435781944341
0.0244375,-276.455830139305
0.0244583333333333,-279.837492479087
0.0244791666666667,476.158333482307
0.0245,238.651316966373
0.0245208333333333,-298.821708842027
0.0245416666666667,-113.206215317747
0.0245625,225.889887527638
0.0245833333333333,310.940010466869
0.0246041666666667,-361.73303114524
0.024625,-214.173487026024
0.0246458333333333,-257.136256319004
0.0246666666666667,316.997002515542
0.0246875,260.110104850536
0.0247083333333333,-262.167444959819
0.0247291666666667,-187.173256105472
0.02475,138.131972364595
0.0247708333333333,177.34913473688
0.0247916666666667,-251.762830332852
0.0248125,-317.158563782891
0.0248333333333333,259.041568289917
0.0248541666666667,185.681990431095
0.024875,-332.438554077515
0.0248958333333333,-301.846694874829
0.0249166666666667,232.800495272668
0.0249375,224.203975464298
0.0249583333333333,-321.733688917684
0.0249791666666667,-353.55780914569
0.025,377.951560227941
0.0250208333333333,235.559949258755
0.0250416666666667,-184.873753147557
0.0250625,-318.836741034081
0.0250833333333333,207.250132042077
0.0251041666666667,258.15330435436
0.025125,334.251294690345
0.0251458333333333,341.67104051082
0.0251666666666667,-267.359098519093
0.0251875,-259.588325947705
0.0252083333333333,315.822631799125
0.0252291666666667,187.996424385201
0.02525,-312.694364139261
0.0252708333333333,-388.97892813212
0.0252916666666667,249.707652067888
0.0253125,335.154028324442
0.0253333333333333,-233.311125931631
0.0253541666666667,-137.354298795824
0.025375,287.337329839151
0.0253958333333333,145.379557649331
0.0254166666666667,-173.920679916764
0.0254375,-198.797223365271
0.0254583333333333,241.548573745426
0.0254791666666667,309.559812692462
0.0255,-229.522067443144
0.0255208333333333,-272.450074664492
0.0255416666666667,319.700369345299
0.0255625,289.069829877729
0.0255833333333333,-279.521895249795
0.0256041666666667,-290.574632054141
0.025625,228.898532382076
0.0256458333333333,-190.201130526831
0.0256666666666667,-276.762723824678
0.0256875,319.096291321208
0.0257083333333333,243.717389638376
0.0257291666666667,-342.850716683077
0.02575,-301.515649782522
0.0257708333333333,261.704262563946
0.0257916666666667,368.965622680345
0.0258125,-240.116740966615
0.0258333333333333,-262.929638264421
0.0258541666666667,188.858139475264
0.025875,-336.279507946849
0.0258958333333333,-264.803484052769
0.0259166666666667,255.892903765632
0.0259375,355.979059057112
0.0259583333333333,-214.007426148837
0.0259791666666667,-331.446213912029
0.026,349.431416711589
0.0260208333333333,381.224663636011
0.0260416666666667,-276.34373527056
0.0260625,-196.762147505355
0.0260833333333333,360.876042436984
0.0261041666666667,309.039864540141
0.026125,330.725734861855
0.0261458333333333,289.028646739921
0.0261666666666667,-302.501155513053
0.0261875,-255.246377681949
0.0262083333333333,279.362961922119
0.0262291666666667,273.676796493519
0.02625,-168.933361401091
0.0262708333333333,-282.436539625144
0.0262916666666667,443.986411637066
0.0263125,277.860324917024
0.0263333333333333,-242.668939476621
0.0263541666666667,-199.252853340005
0.026375,443.916297221911
0.0263958333333333,-258.600644453155
0.0264166666666667,-325.437512263261
0.0264375,326.239302977376
0.0264583333333333,215.305952855779
0.0264791666666667,-293.882666347442
0.0265,-279.345056388945
0.0265208333333333,368.167185807464
0.0265416666666667,383.772186499387
0.0265625,-278.833724207626
0.0265833333333333,-239.501360234713
0.0266041666666667,257.518118752825
0.026625,-236.752286750848
0.0266458333333333,-160.117630502787
0.0266666666666667,286.728242607672
0.0266875,258.785656327401
0.0267083333333333,-307.703703947198
0.0267291666666667,-252.177977266268
0.02675,358.863209514337
0.0267708333333333,425.84458909002
0.0267916666666667,-273.84720484546
0.0268125,-285.995058262133
0.0268333333333333,238.488747095885
0.0268541666666667,394.456206457888
0.026875,-281.759828056611
0.0268958333333333,248.232965975697
0.0269166666666667,410.61530771754
0.0269375,-227.662697295459
0.0269583333333333,-233.378255023425
0.0269791666666667,215.705267782223
0.027,303.667901634521
0.0270208333333333,-245.366797646509
0.0270416666666667,-343.890045617422
0.0270625,263.352686535128
0.0270833333333333,252.407303270862
0.0271041666666667,-244.89534278195
0.027125,-338.679001566454
0.0271458333333333,343.693428650359
0.0271666666666667,386.212471565154
0.0271875,-295.710209113549
0.0272083333333333,-277.681012949682
0.0272291666666667,308.107005094875
0.02725,350.673038222032
0.0272708333333333,-245.252280508582
0.0272916666666667,-252.888538519243
0.0273125,247.647975478414
0.0273333333333333,263.004226553385
0.0273541666666667,-239.669368371882
0.027375,-174.320835558217
0.0273958333333333,311.880694960704
0.0274166666666667,203.456489140701
0.0274375,-250.687923506643
0.0274583333333333,-282.778554240055
0.0274791666666667,262.236899092193
0.0275,263.756326179829
0.0275208333333333,-330.90681723563
0.0275416666666667,-296.752019179301
0.0275625,229.218758485624
0.0275833333333333,254.848970345474
0.0276041666666667,-269.983921915467
0.027625,-266.496774702365
0.0276458333333333,263.972160531796
0.0276666666666667,267.824453643042
0.0276875,-275.091132017984
0.0277083333333333,-249.14677142942
0.0277291666666667,355.46231723091
0.02775,315.039552844964
0.0277708333333333,-294.666513827271
0.0277916666666667,-240.608505085644
0.0278125,262.14660353232
0.0278333333333333,168.339577368941
0.0278541666666667,-420.575152887102
0.027875,-381.857019413731
0.0278958333333333,262.660207372997
0.0279166666666667,239.288043042374
0.0279375,-321.154243029553
0.0279583333333333,-274.665301564388
0.0279791666666667,236.883260429016
0.028,238.622669043184
0.0280208333333333,-239.899126546298
0.0280416666666667,-229.345874409497
0.0280625,426.034491279676
0.0280833333333333,295.627895792515
0.0281041666666667,-273.58604241088
0.028125,-312.231455253168
0.0281458333333333,265.221369981125
0.0281666666666667,274.061955024998
0.0281875,-384.434367352195
0.0282083333333333,-292.87517645961
0.0282291666666667,322.949568457299
0.02825,242.273673006781
0.0282708333333333,-246.950013676392
0.0282916666666667,-216.568708799857
0.0283125,342.967107199146
0.0283333333333333,324.61770038242
0.0283541666666667,-415.234738120544
0.028375,-311.635247646501
0.0283958333333333,332.234282896546
0.0284166666666667,301.265840106794
0.0284375,-276.852990239309
0.0284583333333333,-250.452169942325
0.0284791666666667,346.201497411926
0.0285,286.545610986422
0.0285208333333333,-323.504714230553
0.0285416666666667,-288.158287625446
0.0285625,264.452854563267
0.0285833333333333,331.944274659446
0.0286041666666667,-251.955994206846
0.028625,-243.694010716044
0.0286458333333333,286.182916547434
0.0286666666666667,255.013668198933
0.0286875,-273.413641273382
0.0287083333333333,-263.908054110372
0.0287291666666667,191.718842473738
0.02875,288.079297101979
0.0287708333333333,-220.470574746171
0.0287916666666667,-283.881919318248
0.0288125,373.229302338449
0.0288333333333333,311.397793066697
0.0288541666666667,-302.834321375628
0.028875,-286.556282700417
0.0288958333333333,260.333899392356
0.0289166666666667,291.883021656128
0.0289375,-231.03531106982
0.0289583333333333,-294.986456278187
0.0289791666666667,305.162428371686
0.029,384.404645852365
0.0290208333333333,-220.231879988757
0.0290416666666667,-226.722715082198
0.0290625,227.361697652098
0.0290833333333333,244.507640581305
0.0291041666666667,-262.328755338891
0.029125,-283.299599695104
0.0291458333333333,177.85277014715
0.0291666666666667,184.612410408864
0.0291875,-214.44541121188
0.0292083333333333,-323.474181771792
0.0292291666666667,404.144646230666
0.02925,141.37750369183
0.0292708333333333,-249.728393266799
0.0292916666666667,-277.111356488645
0.0293125,230.940421839841
0.0293333333333333,301.855449913165
0.0293541666666667,-325.657144021603
0.029375,-224.613483583545
0.0293958333333333,281.235586071733
0.0294166666666667,176.976604323165
0.0294375,-425.311360215177
0.0294583333333333,-294.492738155362
0.0294791666666667,347.16288089834
0.0295,288.219769935452
0.0295208333333333,-273.834712507351
0.0295416666666667,-235.125164404334
0.0295625,192.006954287769
0.0295833333333333,364.245060793798
0.0296041666666667,-331.767431941847
0.029625,-274.842043069652
0.0296458333333333,254.934102767642
0.0296666666666667,286.288103227876
0.0296875,-395.967310148893
0.0297083333333333,-184.03364974746
0.0297291666666667,310.50076014637
0.02975,399.964080746064
0.0297708333333333,-190.585471667903
0.0297916666666667,-276.4481008312
0.0298125,219.770011918564
0.0298333333333333,170.895480590732
0.0298541666666667,-276.112621564507
0.029875,-263.75813299014
0.0298958333333333,341.053362505442
0.0299166666666667,219.040838397662
0.0299375,-228.584369609908
0.0299583333333333,-272.784972595371
0.0299791666666667,229.874305352984
0.03,324.453944627179
0.0300208333333333,-260.917067676068
0.0300416666666667,-291.515486178267
0.0300625,391.859544702855
0.0300833333333333,314.376535555932
0.0301041666666667,-283.887781830394
0.030125,-260.195873062888
0.0301458333333333,282.468461943801
0.0301666666666667,287.75683202282
0.0301875,-249.433413143715
0.0302083333333333,-314.026937283072
0.0302291666666667,228.44832139914
0.03025,299.186679087306
0.0302708333333333,-161.963107314969
0.0302916666666667,-295.897633837417
0.0303125,215.268201984047
0.0303333333333333,262.573546908698
0.0303541666666667,-306.724821076813
0.030375,-297.151650885509
0.0303958333333333,306.205631548155
0.0304166666666667,269.205805011765
0.0304375,-313.46693509409
0.0304583333333333,-304.265516196433
0.0304791666666667,196.337857413071
0.0305,224.629494615994
0.0305208333333333,-363.489537375411
0.0305416666666667,-308.678380221669
0.0305625,210.845857957508
0.0305833333333333,233.939446550488
0.0306041666666667,-295.581892429813
0.030625,-350.501245450351
0.0306458333333333,275.96650406544
0.0306666666666667,297.947593256613
0.0306875,-336.006811775625
0.0307083333333333,-209.084568423469
0.0307291666666667,180.232341872287
0.03075,253.209421722964
0.0307708333333333,-367.86977558408
0.0307916666666667,-298.207688482479
0.0308125,196.253151603963
0.0308333333333333,242.024940798659
0.0308541666666667,-322.409705608086
0.030875,-349.557884547049
0.0308958333333333,150.978554330905
0.0309166666666667,311.676989030761
0.0309375,-154.933058211807
0.0309583333333333,-141.295556295193
0.0309791666666667,247.075630525948
0.031,274.338654574333
0.0310208333333333,-305.608586396824
0.0310416666666667,-272.508928128765
0.0310625,221.009179849445
0.0310833333333333,159.862668782845
0.0311041666666667,-279.376433808633
0.031125,-352.009608982186
0.0311458333333333,160.903403850781
0.0311666666666667,422.225528563957
0.0311875,-291.407954435723
0.0312083333333333,-252.470914737101
0.0312291666666667,350.014130769061
0.03125,174.204230185287
0.0312708333333333,-251.904616318224
0.0312916666666667,-246.491010537395
0.0313125,282.225172417065
0.0313333333333333,286.791695503185
0.0313541666666667,-309.408976306307
0.031375,-232.967765213204
0.0313958333333333,225.21484056452
0.0314166666666667,228.487420407533
0.0314375,-232.82863943186
0.0314583333333333,-174.095121272568
0.0314791666666667,253.539412849544
0.0315,246.287339267001
0.0315208333333333,-252.2146964729
0.0315416666666667,-211.624441457764
0.0315625,336.297172080845
0.0315833333333333,293.656567948732
0.0316041666666667,-315.914346263133
0.031625,-238.668610184656
0.0316458333333333,272.308120954342
0.0316666666666667,361.286618121585
0.0316875,-363.196930059067
0.0317083333333333,-268.519803904777
0.0317291666666667,355.95653644137
0.03175,246.907062337633
0.0317708333333333,-315.328873884674
0.0317916666666667,-334.198337854499
0.0318125,260.118427363277
0.0318333333333333,264.896751795521
0.0318541666666667,-268.794192320225
0.031875,-331.125700198612
0.0318958333333333,282.193005937762
0.0319166666666667,240.250485936669
0.0319375,-299.680360131145
0.0319583333333333,-328.365120267845
0.0319791666666667,259.889279834107
0.032,495.282560402343
0.0320208333333333,-68.936000131158
0.0320416666666667,-207.068427565812
0.0320625,325.254142698515
0.0320833333333333,199.05040003282
0.0321041666666667,-312.870549729237
0.032125,-314.997734090688
0.0321458333333333,309.858611492381
0.0321666666666667,306.662021001524
0.0321875,-270.521360842267
0.0322083333333333,-297.942348185727
0.0322291666666667,220.576638842468
0.03225,277.474790753049
0.0322708333333333,-207.543105422974
0.0322916666666667,-251.036163437194
0.0323125,288.211390128206
0.0323333333333333,317.324209619526
0.0323541666666667,-241.449912801712
0.032375,-375.921139168061
0.0323958333333333,278.296801267819
0.0324166666666667,251.121738832069
0.0324375,-401.436671410923
0.0324583333333333,-358.329394888247
0.0324791666666667,257.603346579947
0.0325,327.586658782479
0.0325208333333333,-291.160306049189
0.0325416666666667,-261.125059624939
0.0325625,222.279536601347
0.0325833333333333,145.329944048036
0.0326041666666667,-271.410931815409
0.032625,-335.27053892783
0.0326458333333333,348.799466003667
0.0326666666666667,383.170788558387
0.0326875,-299.86170322125
0.0327083333333333,-204.260930033526
0.0327291666666667,335.421255517138
0.03275,190.684834346227
0.0327708333333333,-279.18781667647
0.0327916666666667,-261.194293416395
0.0328125,309.106635291813
0.0328333333333333,318.503949527496
0.0328541666666667,-235.941390479785
0.032875,-235.696773012258
0.0328958333333333,258.049765735079
0.0329166666666667,300.322898582963
0.0329375,-414.810547520649
0.0329583333333333,-348.540432164597
0.0329791666666667,350.59443614485
0.033,236.775890893213
0.0330208333333333,-257.13447039966
0.0330416666666667,-184.997125213638
0.0330625,222.833785093526
0.0330833333333333,218.53355501616
0.0331041666666667,-307.256699793947
0.033125,-250.199324870685
0.0331458333333333,264.637714588486
0.0331666666666667,217.401769827882
0.0331875,-373.262830594698
0.0332083333333333,-299.774050867993
0.0332291666666667,263.636757818488
0.03325,244.446008522179
0.0332708333333333,-293.157143561183
0.0332916666666667,-344.083769593253
0.0333125,310.709938554998
0.0333333333333333,144.271754752371
0.0333541666666667,-268.313091260423
0.033375,-236.269043328104
0.0333958333333333,225.282818215699
0.0334166666666667,273.661184032019
0.0334375,-259.320327531847
0.0334583333333333,-314.705222001466
0.0334791666666667,276.3159621794
0.0335,302.331368249616
0.0335208333333333,-334.413136576052
0.0335416666666667,-226.118238664946
0.0335625,344.030214581372
0.0335833333333333,296.775019179609
0.0336041666666667,-276.22616079214
0.033625,-348.304683710735
0.0336458333333333,307.386328305878
0.0336666666666667,202.856465024745
0.0336875,-179.946219626547
0.0337083333333333,-244.97992081291
0.0337291666666667,293.331070926604
0.03375,253.099237190772
0.0337708333333333,-410.130707825965
0.0337916666666667,-350.20879766238
0.0338125,299.47261461192
0.0338333333333333,424.559362952507
0.0338541666666667,-231.917601275994
0.033875,-258.222893381497
0.0338958333333333,244.032068452595
0.0339166666666667,284.621597554233
0.0339375,-218.350566942683
0.0339583333333333,-292.668475296134
0.0339791666666667,392.743337524319
0.034,202.587292906645
0.0340208333333333,-300.139182188275
0.0340416666666667,-273.94598763559
0.0340625,157.75658923957
0.0340833333333333,311.69903281726
0.0341041666666667,-272.39606732253
0.034125,-272.218454991902
0.0341458333333333,325.709383857289
0.0341666666666667,340.923108870492
0.0341875,-228.132981130722
0.0342083333333333,-305.796625121646
0.0342291666666667,274.302637484841
0.03425,298.746983605775
0.0342708333333333,-353.945066495566
0.0342916666666667,-340.455205622697
0.0343125,251.060517005444
0.0343333333333333,281.895476043429
0.0343541666666667,-167.71673990201
0.034375,-228.43370488655
0.0343958333333333,250.111080920303
0.0344166666666667,238.709677451715
0.0344375,-183.428636726941
0.0344583333333333,-110.11955827421
0.0344791666666667,287.380800037587
0.0345,247.889071704558
0.0345208333333333,-363.468316635127
0.0345416666666667,-217.574014082586
0.0345625,294.852582729852
0.0345833333333333,348.360637181647
0.0346041666666667,-332.675097711089
0.034625,-262.449534698277
0.0346458333333333,237.18481402337
0.0346666666666667,355.0543456957
0.0346875,-310.829526343624
0.0347083333333333,-282.490639847528
0.0347291666666667,255.896426701912
0.03475,337.884630332646
0.0347708333333333,-250.970481267279
0.0347916666666667,-338.509280274902
0.0348125,238.48989974861
0.0348333333333333,213.252625944067
0.0348541666666667,-246.24892959368
0.034875,-256.865938104084
0.0348958333333333,177.219484557603
0.0349166666666667,160.634186814215
0.0349375,-279.618135166446
0.0349583333333333,-234.548363154355
0.0349791666666667,287.464115122362
0.035,182.817594116375
0.0350208333333333,-371.970837315652
0.0350416666666667,-224.167754383878
0.0350625,268.266753770402
0.0350833333333333,253.548731545836
0.0351041666666667,-196.724372475334
0.035125,-325.816707845769
0.0351458333333333,285.425614518882
0.0351666666666667,302.679228886025
0.0351875,-227.051747239919
0.0352083333333333,-329.353962489373
0.0352291666666667,298.983184104836
0.03525,445.091718830303
0.0352708333333333,-369.59845280817
0.0352916666666667,-250.631790760903
0.0353125,263.109903416094
0.0353333333333333,226.611387704048
0.0353541666666667,-327.987020939433
0.035375,-246.725999058769
0.0353958333333333,418.643466717181
0.0354166666666667,228.64374559341
0.0354375,-244.094859694642
0.0354583333333333,-311.310459855988
0.0354791666666667,397.925565930186
0.0355,310.430503290911
0.0355208333333333,-285.576185957813
0.0355416666666667,-239.272778002804
0.0355625,276.8084845985
0.0355833333333333,344.803838254512
0.0356041666666667,-288.489899337251
0.035625,-345.672648563014
0.0356458333333333,292.208648256997
0.0356666666666667,372.535122078128
0.0356875,-350.267902425231
0.0357083333333333,-291.957863166256
0.0357291666666667,338.548562968889
0.03575,159.82238447181
0.0357708333333333,-238.932420339042
0.0357916666666667,-231.140774981753
0.0358125,290.194306358046
0.0358333333333333,230.085286794496
0.0358541666666667,-277.585569898539
0.035875,-271.45555184195
0.0358958333333333,334.297137613051
0.0359166666666667,317.693166329996
0.0359375,-298.550206466438
0.0359583333333333,-178.168739180609
0.0359791666666667,274.043512700939
0.036,227.490630802174
0.0360208333333333,-303.938794992771
0.0360416666666667,-224.685170779629
0.0360625,289.078075170969
0.0360833333333333,331.462584199023
0.0361041666666667,-272.919889388273
0.036125,-125.195062166437
0.0361458333333333,175.3722764269
0.0361666666666667,251.734783148651
0.0361875,-282.296068940988
0.0362083333333333,-271.695969970476
0.0362291666666667,366.125929190226
0.03625,290.559086737018
0.0362708333333333,-284.169066000517
0.0362916666666667,-272.95773420169
0.0363125,323.068902694327
0.0363333333333333,235.022912867204
0.0363541666666667,-249.603133512311
0.036375,-372.778769574013
0.0363958333333333,272.334874105181
0.0364166666666667,219.602425352217
0.0364375,-317.042017446399
0.0364583333333333,-259.88596809217
0.0364791666666667,208.402865071077
0.0365,216.719412577101
0.0365208333333333,-369.774540125013
0.0365416666666667,-413.320359696039
0.0365625,267.891044785001
0.0365833333333333,348.197863313102
0.0366041666666667,-288.266636441428
0.036625,-291.445095027381
0.0366458333333333,213.190050714822
0.0366666666666667,373.896618282558
0.0366875,-292.389754504095
0.0367083333333333,-198.079969486965
0.0367291666666667,299.268023107108
0.03675,261.076072886
0.0367708333333333,-211.026337258868
0.0367916666666667,-217.119032694922
0.0368125,270.339950561232
0.0368333333333333,356.337298884628
0.0368541666666667,-168.305490763714
0.036875,-281.158941282993
0.0368958333333333,261.526509254011
0.0369166666666667,301.874595662385
0.0369375,-255.655895054496
0.0369583333333333,-227.807516421033
0.0369791666666667,261.532031403069
0.037,320.845845338321
0.0370208333333333,-213.076199248838
0.0370416666666667,-266.300700368378
0.0370625,286.516705390159
0.0370833333333333,200.505461216777
0.0371041666666667,-348.812354525242
0.037125,-366.449450943117
0.0371458333333333,201.118730259336
0.0371666666666667,267.672433441089
0.0371875,-375.827192978967
0.0372083333333333,-139.906210022903
0.0372291666666667,322.322596134685
0.03725,150.808359960656
0.0372708333333333,-347.697190908053
0.0372916666666667,-283.699459468917
0.0373125,172.485973170526
0.0373333333333333,249.048251327315
0.0373541666666667,-210.485222164457
0.037375,-287.163342110044
0.0373958333333333,273.040957705876
0.0374166666666667,215.94838066805
0.0374375,-311.102711999419
0.0374583333333333,-359.735016872152
0.0374791666666667,299.40435726488
0.0375,249.517953386076
0.0375208333333333,-229.282876296517
0.0375416666666667,-201.549594788094
0.0375625,342.970655382058
0.0375833333333333,275.02068507017
0.0376041666666667,-307.945220676913
0.037625,-351.94198265969
0.0376458333333333,284.390985134623
0.0376666666666667,335.777214896561
0.0376875,-297.981803782207
0.0377083333333333,-287.740045523793
0.0377291666666667,314.80799682595
0.03775,329.938482088133
0.0377708333333333,-363.728636711942
0.0377916666666667,-264.931764394148
0.0378125,289.11540463519
0.0378333333333333,267.914831039274
0.0378541666666667,-222.596994833195
0.037875,-299.403065854729
0.0378958333333333,226.666239951491
0.0379166666666667,294.014989693773
0.0379375,-249.054193143705
0.0379583333333333,-290.440126660381
0.0379791666666667,325.795855570311
0.038,184.392471975991
0.0380208333333333,-342.831268213368
0.0380416666666667,-464.871010301327
0.0380625,309.009642232718
0.0380833333333333,216.594177672093
0.0381041666666667,-292.616591594748
0.038125,-215.47954205516
0.0381458333333333,280.266651450543
0.0381666666666667,250.237440778131
0.0381875,-328.994428939913
0.0382083333333333,-310.644795962199
0.0382291666666667,313.990971826785
0.03825,203.308138504927
0.0382708333333333,-281.325976603953
0.0382916666666667,-248.149915574737
0.0383125,190.337679214879
0.0383333333333333,336.858032530394
0.0383541666666667,-235.401171861111
0.038375,223.247625787092
0.0383958333333333,185.218219004564
0.0384166666666667,-250.683095692327
0.0384375,-227.762015183303
0.0384583333333333,331.332578717221
0.0384791666666667,323.762693126992
0.0385,-368.189799254978
0.0385208333333333,-241.474227021735
0.0385416666666667,260.516323161436
0.0385625,242.847873944712
0.0385833333333333,-391.02858091875
0.0386041666666667,-209.922555624833
0.038625,-266.452864617023
0.0386458333333333,338.474208463336
0.0386666666666667,369.478150217325
0.0386875,-346.639387126085
0.0387083333333333,-256.66624336561
0.0387291666666667,276.369925778619
0.03875,351.82205433169
0.0387708333333333,-209.465124298539
0.0387916666666667,-245.823163747229
0.0388125,227.190319566914
0.0388333333333333,288.228449438109
0.0388541666666667,-261.009445340336
0.038875,470.148088496022
0.0388958333333333,352.100746168588
0.0389166666666667,-135.349679582703
0.0389375,-251.822166912274
0.0389583333333333,308.900934294008
0.0389791666666667,333.424099338737
0.039,-328.206439097462
0.0390208333333333,-220.090479128568
0.0390416666666667,286.325339369064
0.0390625,212.02472796819
0.0390833333333333,-242.745560918148
0.0391041666666667,-391.800740283313
0.039125,-389.840711899486
0.0391458333333333,-259.526642175859
0.0391666666666667,219.045208945066
0.0391875,221.500305736541
0.0392083333333333,-305.852923900547
0.0392291666666667,-307.023433191924
0.03925,282.34433744967
0.0392708333333333,293.77394637664
0.0392916666666667,-367.359021680062
0.0393125,-351.955140298282
0.0393333333333333,167.670796768843
0.0393541666666667,253.304256790111
0.039375,317.739839706074
0.0393958333333333,-320.060704363213
0.0394166666666667,-246.516532730676
0.0394375,310.164907146396
0.0394583333333333,356.495970915382
0.0394791666666667,-235.502303543178
0.0395,-338.048095827272
0.0395208333333333,243.601049410829
0.0395416666666667,298.914013543936
0.0395625,-336.582348227326
0.0395833333333333,-207.188952279228
0.0396041666666667,380.271189697791
0.039625,-271.336405646378
0.0396458333333333,251.050472972467
0.0396666666666667,308.361978548144
0.0396875,-317.25051129566
0.0397083333333333,-284.788630753068
0.0397291666666667,254.139804591414
0.03975,283.601358403255
0.0397708333333333,-217.606761280278
0.0397916666666667,-231.781289378453
0.0398125,356.43204949691
0.0398333333333333,221.256980666968
0.0398541666666667,-275.566815453335
0.039875,-337.236029608854
0.0398958333333333,23.5145375161114
0.0399166666666667,297.051019470132
0.0399375,79.2096562231398
0.0399583333333333,-210.027656525281
0.0399791666666667,40.8362270835924
0.04,246.332928214822
0.0400208333333333,-30.0068241462374
0.0400416666666667,-402.55335908447
0.0400625,-26.4714359407893
0.0400833333333333,182.410694082168
0.0401041666666667,55.8942754485697
0.040125,-220.702987797383
0.0401458333333333,-18.7155062512241
0.0401666666666667,252.692862789959
0.0401875,35.9072008372234
0.0402083333333333,-178.4114343833
0.0402291666666667,57.9478202619074
0.04025,249.084027720426
0.0402708333333333,34.7790641443561
0.0402916666666667,-344.952352545549
0.0403125,-0.00223804322815013
0.0403333333333333,321.645233564132
0.0403541666666667,79.4847381944976
0.040375,-349.616308367837
0.0403958333333333,-75.2262532555331
0.0404166666666667,203.245946338701
0.0404375,83.0515788879112
0.0404583333333333,-210.624592542102
0.0404791666666667,-84.1684764685974
0.0405,248.769854572491
0.0405208333333333,139.463754849731
0.0405416666666667,-158.900833482636
0.0405625,-140.487928721449
0.0405833333333333,176.278699917156
0.0406041666666667,31.37252288233
0.040625,-233.521023127391
0.0406458333333333,-255.253174586651
0.0406666666666667,211.059339247264
0.0406875,86.7908026814271
0.0407083333333333,-167.369234740936
0.0407291666666667,-259.669589945846
0.04075,248.975109657889
0.0407708333333333,159.826647697137
0.0407916666666667,-181.325754548013
0.0408125,-269.395161230301
0.0408333333333333,140.141580851987
0.0408541666666667,196.209446158617
0.040875,-13.9802956080707
0.0408958333333333,-309.217750320639
0.0409166666666667,68.9446939803251
0.0409375,310.765284030762
0.0409583333333333,106.087564406438
0.0409791666666667,-297.531748897263
0.041,72.4445579735154
0.0410208333333333,152.315962254844
0.0410416666666667,31.7446391765951
0.0410625,-257.88970440482
0.0410833333333333,-15.5945977394605
0.0411041666666667,323.07621763488
0.041125,267.866113163596
0.0411458333333333,-112.66448844339
0.0411666666666667,-188.588650358081
0.0411875,212.54954540365
0.0412083333333333,171.635641260407
0.0412291666666667,-252.305935686938
0.04125,-229.173241489266
0.0412708333333333,196.785190043556
0.0412916666666667,270.9272635311
0.0413125,-233.690029903931
0.0413333333333333,-242.729835853403
0.0413541666666667,367.13826849177
0.041375,218.01044516917
0.0413958333333333,223.398622620465
0.0414166666666667,-197.322880963581
0.0414375,-140.144530545977
0.0414583333333333,259.151619076511
0.0414791666666667,87.1535351803285
0.0415,-236.730477105509
0.0415208333333333,-16.8547049921077
0.0415416666666667,165.58631609947
0.0415625,223.958516727901
0.0415833333333333,-218.136576467344
0.0416041666666667,-133.84079656089
0.041625,-34.8652018197742
0.0416458333333333,294.120603274802
0.0416666666666667,45.2626355520688
0.0416875,-202.442509776928
0.0417083333333333,47.9304867526229
0.0417291666666667,263.255394740838
0.04175,10.7442671714886
0.0417708333333333,-240.339325741468
0.0417916666666667,-11.3306241473447
0.0418125,354.607876718709
0.0418333333333333,-23.2811797906831
0.0418541666666667,-256.351894999642
0.041875,-259.530757173885
0.0418958333333333,85.0477984828393
0.0419166666666667,194.934155819714
0.0419375,0.0456694545794978
0.0419583333333333,-284.206393619483
0.0419791666666667,-133.741100227999
0.042,363.738653140119
0.0420208333333333,162.296595079311
0.0420416666666667,-301.662543742125
0.0420625,26.8972993775247
0.0420833333333333,259.085976938153
0.0421041666666667,14.1248184302254
0.042125,3.95645879352962
0.0421458333333333,-282.034113003222
0.0421666666666667,71.709979184031
0.0421875,224.045989182941
0.0422083333333333,-15.7895478465374
0.0422291666666667,-293.410835790127
0.04225,-27.4937113856454
0.0422708333333333,376.719720507663
0.0422916666666667,143.517320831548
0.0423125,-348.544206764826
0.0423333333333333,-58.5682411232273
0.0423541666666667,320.575353569241
0.042375,232.790590983401
0.0423958333333333,227.831648551386
0.0424166666666667,-156.094757505975
0.0424375,-71.9023153635688
0.0424583333333333,306.450523122092
0.0424791666666667,83.0161763697316
0.0425,-225.348197919557
0.0425208333333333,-34.8023827329255
0.0425416666666667,280.660606898175
0.0425625,221.510107950325
0.0425833333333333,-231.031441448039
0.0426041666666667,-110.421768527919
0.042625,-191.572297898682
0.0426458333333333,242.828098072328
0.0426666666666667,189.910219154399
0.0426875,-181.043951843801
0.0427083333333333,-76.4915921692378
0.0427291666666667,162.23290824733
0.04275,279.333920980901
0.0427708333333333,-141.198457891314
0.0427916666666667,-124.416413229075
0.0428125,223.332743946776
0.0428333333333333,70.8755214434765
0.0428541666666667,-243.284150963075
0.042875,31.2690441309571
0.0428958333333333,-261.398554816413
0.0429166666666667,119.913245534459
0.0429375,363.0809804047
0.0429583333333333,24.3927920608016
0.0429791666666667,-288.761358706822
0.043,-88.6523800950612
0.0430208333333333,407.669004692096
0.0430416666666667,2.22385230401125
0.0430625,-388.289462380685
0.0430833333333333,32.4409574351554
0.0431041666666667,300.113538779945
0.043125,140.971466837865
0.0431458333333333,244.367584056337
0.0431666666666667,-219.05369110281
0.0431875,-296.609174800139
0.0432083333333333,83.2808080595674
0.0432291666666667,202.87729472571
0.04325,-228.793430929265
0.0432708333333333,-198.21254149822
0.0432916666666667,98.6582473001581
0.0433125,212.383447393328
0.0433333333333333,-282.444602213598
0.0433541666666667,-114.525177079808
0.043375,-263.200339801845
0.0433958333333333,-31.1343794970341
0.0434166666666667,286.295826939818
0.0434375,161.579280914278
0.0434583333333333,-344.626637757223
0.0434791666666667,-33.7393901677078
0.0435,362.854769574785
0.0435208333333333,-16.3203680018286
0.0435416666666667,-284.883442873492
0.0435625,-150.425756413059
0.0435833333333333,283.664162838264
0.0436041666666667,58.628836492281
0.043625,292.865865349742
0.0436458333333333,63.6501853517458
0.0436666666666667,-260.86191120807
0.0436875,-34.3968494311138
0.0437083333333333,215.789473222237
0.0437291666666667,31.6045098648757
0.04375,-326.408406353059
0.0437708333333333,-106.240713101554
0.0437916666666667,291.141655656238
0.0438125,15.2748561550442
0.0438333333333333,-282.83920047747
0.0438541666666667,32.5482561388721
0.043875,-241.938830518359
0.0438958333333333,79.7885183637418
0.0439166666666667,232.586163111031
0.0439375,-52.8289099918413
0.0439583333333333,-301.71195702599
0.0439791666666667,83.5980718126225
0.044,375.571965127684
0.0440208333333333,-6.76588595635089
0.0440416666666667,-332.38324469106
0.0440625,-93.8391970720676
0.0440833333333333,336.964072750461
0.0441041666666667,2.31760841213903
0.044125,203.847553754884
0.0441458333333333,6.7213724113284
0.0441666666666667,-387.60196392358
0.0441875,-0.891359029305764
0.0442083333333333,283.229855451618
0.0442291666666667,131.36113994863
0.04425,-376.927932330794
0.0442708333333333,27.6159514083941
0.0442916666666667,302.638496278555
0.0443125,36.7332235443903
0.0443333333333333,-250.070552765904
0.0443541666666667,41.2407330999828
0.044375,-321.498947397205
0.0443958333333333,-25.4704593458979
0.0444166666666667,182.116910808746
0.0444375,40.4279255116312
0.0444583333333333,-311.802588966393
0.0444791666666667,-71.9277351120834
0.0445,205.32772394269
0.0445208333333333,137.380876452358
0.0445416666666667,-245.538881038072
0.0445625,-107.511118745465
0.0445833333333333,304.592974058609
0.0446041666666667,45.2629884589255
0.044625,237.389359142807
0.0446458333333333,221.176084323218
0.0446666666666667,-131.212878121046
0.0446875,-274.33598285982
0.0447083333333333,184.966887566259
0.0447291666666667,284.537335518039
0.04475,-119.819553267597
0.0447708333333333,-236.066585374006
0.0447916666666667,68.5294939123579
0.0448125,163.892511744086
0.0448333333333333,-168.428548093326
0.0448541666666667,-182.381024337504
0.044875,28.2987077470059
0.0448958333333333,-314.58371586701
0.0449166666666667,137.14164581248
0.0449375,281.570337696379
0.0449583333333333,60.1555573786124
0.0449791666666667,-317.919792027978
0.045,-75.3963259263331
0.0450208333333333,334.390720247234
0.0450416666666667,70.6751375637228
0.0450625,-181.174821653261
0.0450833333333333,-39.5925026108194
0.0451041666666667,193.043941767358
0.045125,-115.416016895385
0.0451458333333333,191.961646833157
0.0451666666666667,145.366489164088
0.0451875,-209.989695984217
0.0452083333333333,-279.620361964318
0.0452291666666667,249.130803630299
0.04525,266.376703357222
0.0452708333333333,-163.356044679657
0.0452916666666667,-215.502626201513
0.0453125,127.991978913498
0.0453333333333333,290.87979772545
0.0453541666666667,-157.022802122177
0.045375,240.096571956883
0.0453958333333333,94.7738816269119
0.0454166666666667,-262.269264523963
0.0454375,-160.262386732565
0.0454583333333333,309.120145595257
0.0454791666666667,204.087118114121
0.0455,-112.654065682464
0.0455208333333333,-88.2263023212353
0.0455416666666667,213.562299316432
0.0455625,131.298529631273
0.0455833333333333,-325.353958117055
0.0456041666666667,-156.484938999531
0.045625,-13.0998393276706
0.0456458333333333,-326.728648800813
0.0456666666666667,-4.05717190589183
0.0456875,207.663249085149
0.0457083333333333,78.2620025156716
0.0457291666666667,-236.575612156036
0.04575,25.9038936169696
0.0457708333333333,283.925144881974
0.0457916666666667,75.3113997643763
0.0458125,-174.999306969433
0.0458333333333333,-34.2528350793624
0.0458541666666667,274.303787849095
0.045875,-168.843966662945
0.0458958333333333,-153.297756882498
0.0459166666666667,249.250221611231
0.0459375,148.505615524187
0.0459583333333333,-314.43936824614
0.0459791666666667,-43.5967796876214
0.046,210.689696581314
0.0460208333333333,57.8108899760877
0.0460416666666667,-414.557320965204
0.0460625,-58.2046902780954
0.0460833333333333,320.276077039119
0.0461041666666667,9.2703407745085
0.046125,10.9588356012398
0.0461458333333333,283.541094966278
0.0461666666666667,68.7691097587196
0.0461875,-354.481233550896
0.0462083333333333,-23.4492724851758
0.0462291666666667,185.851493977734
0.04625,84.636716933021
0.0462708333333333,-300.551938151658
0.0462916666666667,3.26778231854885
0.0463125,248.733529441081
0.0463333333333333,56.8565167980587
0.0463541666666667,-217.166958122109
0.046375,135.08545049559
0.0463958333333333,-8.04418853338905
0.0464166666666667,-368.016986491439
0.0464375,-54.2082537671081
0.0464583333333333,282.230130830709
0.0464791666666667,72.702117505904
0.0465,-165.873996341339
0.0465208333333333,-107.205133380011
0.0465416666666667,160.510575872109
0.0465625,53.3511462322209
0.0465833333333333,-342.114821042792
0.0466041666666667,-57.2776287461395
0.046625,177.50873614729
0.0466458333333333,-247.428986251414
0.0466666666666667,-249.503256238823
0.0466875,124.712663153136
0.0467083333333333,273.628565999959
0.0467291666666667,-143.21695539153
0.04675,-203.035832444423
0.0467708333333333,197.789324330268
0.0467916666666667,224.134707624905
0.0468125,-230.362425694454
0.0468333333333333,-188.414377773979
0.0468541666666667,122.209603154649
0.046875,-65.4976095622123
0.0468958333333333,-342.780833274797
0.0469166666666667,53.1330926648899
0.0469375,337.095710200382
0.0469583333333333,-101.505438973603
0.0469791666666667,-288.333421307034
0.047,9.42892964511051
0.0470208333333333,241.987277879555
0.0470416666666667,52.4645568291178
0.0470625,-263.737534344694
0.0470833333333333,-15.304438913757
0.0471041666666667,245.224182159788
0.047125,-134.453415635558
0.0471458333333333,-162.344139058822
0.0471666666666667,204.498366794046
0.0471875,199.587945076829
0.0472083333333333,-116.823757077796
0.0472291666666667,-273.324117334029
0.04725,181.925474997724
0.0472708333333333,303.236179900966
0.0472916666666667,-184.69092596808
0.0473125,-269.471790361433
0.0473333333333333,291.85128636798
0.0473541666666667,202.822226136936
0.047375,-229.068190997096
0.0473958333333333,-155.164384559662
0.0474166666666667,273.626922617044
0.0474375,134.597206056281
0.0474583333333333,-255.103585079437
0.0474791666666667,-88.8121056534604
0.0475,328.987298081972
0.0475208333333333,22.9405140777394
0.0475416666666667,-242.821576526204
0.0475625,-230.407393022527
0.0475833333333333,257.118214814653
0.0476041666666667,226.699583373793
0.047625,-218.307908322022
0.0476458333333333,-27.5885238446125
0.0476666666666667,255.147169983243
0.0476875,59.444527402338
0.0477083333333333,-220.59285365067
0.0477291666666667,-27.1864356251587
0.04775,383.841828199723
0.0477708333333333,-21.7647981395217
0.0477916666666667,-407.244501941256
0.0478125,-73.8045796137522
0.0478333333333333,272.995312366551
0.0478541666666667,5.31004001497851
0.047875,-51.7777068809915
0.0478958333333333,81.7104979283643
0.0479166666666667,-98.7633343485946
0.0479375,-30.0519872122254
0.0479583333333333,-59.2281337566836
0.0479791666666667,-28.9698565316105
